sr_code,d_code,ts_code,tw_code,tw_name_eng,tw_name_mmr
MMR017,MMR017D006,MMR017024,MMR017024701,Bogale Town,ဘိုကလေး
MMR017,MMR017D005,MMR017022,MMR017022701,Danubyu Town,ဓနုဖြူ
MMR017,MMR017D006,MMR017026,MMR017026701,Dedaye Town,ဒေးဒရဲ
MMR017,MMR017D003,MMR017015,MMR017015701,Einme Town,အိမ်မဲ
MMR017,MMR017D002,MMR017008,MMR017008703,Du Yar Town,ဒူးယား
MMR017,MMR017D002,MMR017008,MMR017008701,Hinthada Town,ဟင်္သာတ
MMR017,MMR017D002,MMR017008,MMR017008702,Ta Loke Htaw Town,တလုတ္ထော်
MMR017,MMR017D002,MMR017013,MMR017013702,Htoogyi Town,ထူးကြီး
MMR017,MMR017D002,MMR017013,MMR017013701,Ingapu Town,အင်္ဂပူ
MMR017,MMR017D002,MMR017013,MMR017013703,Me Za Li Kone Town,မဲဇလီကုန်း
MMR017,MMR017D001,MMR017002,MMR017002701,Kangyidaunt Town,ကန်ကြီးထောင့်
MMR017,MMR017D006,MMR017025,MMR017025701,Kyaiklat Town,ကျိုက်လတ်
MMR017,MMR017D002,MMR017012,MMR017012702,Batye Town,ဘက်ရဲ
MMR017,MMR017D002,MMR017012,MMR017012701,Kyangin Town,ကြံခင်း
MMR017,MMR017D001,MMR017007,MMR017007701,Kyaunggon Town,ကျောင်းကုန်း
MMR017,MMR017D001,MMR017005,MMR017005702,Ahtaung Town,အထောင်
MMR017,MMR017D001,MMR017005,MMR017005701,Kyonpyaw Town,ကျုံပျော်
MMR017,MMR017D004,MMR017016,MMR017016704,Hainggyikyun Town,ဟိုင်းကြီးကျွန်း
MMR017,MMR017D004,MMR017016,MMR017016703,Labutta (3) Mile Town,လပွတ္တာ (၃) မိုင်
MMR017,MMR017D004,MMR017016,MMR017016701,Labutta Town,လပွတ္တာ
MMR017,MMR017D004,MMR017016,MMR017016702,Pyinsalu Town,ပြင်စလူ
MMR017,MMR017D002,MMR017010,MMR017010701,Lemyethna Town,လေးမျက်နှာ
MMR017,MMR017D005,MMR017019,MMR017019701,Maubin Town,မအူပင်
MMR017,MMR017D004,MMR017018,MMR017018701,Mawlamyinegyun Town,မော်လမြိုင်ကျွန်း
MMR017,MMR017D002,MMR017011,MMR017011703,In Pin Town,အင်ပင်
MMR017,MMR017D002,MMR017011,MMR017011702,Kanaung Town,ကနောင်
MMR017,MMR017D002,MMR017011,MMR017011701,Myanaung Town,မြန်အောင်
MMR017,MMR017D003,MMR017014,MMR017014701,Myaungmya Town,မြောင်းမြ
MMR017,MMR017D001,MMR017004,MMR017004703,Hainggyikyun Town,ဟိုင်းကြီးကျွန်း
MMR017,MMR017D001,MMR017004,MMR017004701,Ngapudaw Town,ငပုတော
MMR017,MMR017D001,MMR017004,MMR017004702,Ngayokekaung Town,ငရုတ်ကောင်း
MMR017,MMR017D005,MMR017021,MMR017021701,Nyaungdon Town,ညောင်တုန်း
MMR017,MMR017D005,MMR017020,MMR017020701,Pantanaw Town,ပန်းတနော်
MMR017,MMR017D001,MMR017001,MMR017001704,Chaung Thar Town,ချောင်းသာ
MMR017,MMR017D001,MMR017001,MMR017001703,Ngwesaung Town,ငွေဆောင်
MMR017,MMR017D001,MMR017001,MMR017001701,Pathein Town,ပုသိမ်
MMR017,MMR017D001,MMR017001,MMR017001702,Shwethaungyan Town,ရွှေသောင်ယံ
MMR017,MMR017D006,MMR017023,MMR017023702,Ahmar Town,အမာ
MMR017,MMR017D006,MMR017023,MMR017023701,Pyapon Town,ဖျာပုံ
MMR017,MMR017D001,MMR017003,MMR017003701,Thabaung Town,သာပေါင်း
MMR017,MMR017D003,MMR017017,MMR017017702,Kyonmangae Town,ကျုံမငေး
MMR017,MMR017D003,MMR017017,MMR017017701,Wakema Town,ဝါးခယ်မ
MMR017,MMR017D001,MMR017006,MMR017006703,Ahthoke Town,အသုတ်
MMR017,MMR017D001,MMR017006,MMR017006702,Ngathaingchaung Town,ငသိုင်းချောင်း
MMR017,MMR017D001,MMR017006,MMR017006701,Yegyi Town,ရေကြည်
MMR017,MMR017D002,MMR017009,MMR017009701,Zalun Town,ဇလွန်
MMR007,MMR007D001,MMR007001,MMR007001701,Bago Town,ပဲခူး
MMR007,MMR007D001,MMR007001,MMR007001702,Hpayargyi Town,ဘုရားကြီး
MMR007,MMR007D001,MMR007001,MMR007001703,Inntakaw Town,အင်းတကော်
MMR007,MMR007D001,MMR007007,MMR007007701,Daik-U Town,ဒိုက်ဦး
MMR007,MMR007D002,MMR007014,MMR007014701,Htantabin Town,ထန်းတပင်
MMR007,MMR007D001,MMR007003,MMR007003701,Kawa Town,ကဝ
MMR007,MMR007D001,MMR007003,MMR007003702,Thetkala Town,သက္ကလ
MMR007,MMR007D002,MMR007011,MMR007011701,Kyaukkyi Town,ကျောက်ကြီး
MMR007,MMR007D001,MMR007006,MMR007006703,Hpa Do Town,ဖဒို
MMR007,MMR007D001,MMR007006,MMR007006701,Kyauktaga Town,ကျောက်တံခါး
MMR007,MMR007D001,MMR007006,MMR007006702,Penwegon Town,ပဲနွယ်ကုန်း
MMR007,MMR007D001,MMR007005,MMR007005702,Madauk Town,မဒေါက်
MMR007,MMR007D001,MMR007005,MMR007005701,Nyaunglebin Town,ညောင်လေးပင်
MMR007,MMR007D001,MMR007005,MMR007005704,Peinzalok Town,ပိန်းဇလုပ်
MMR007,MMR007D001,MMR007005,MMR007005703,Pyuntasa Town,ပြွန်တန်ဆာ
MMR007,MMR007D002,MMR007013,MMR007013702,Kywe Pwe Town,ကျွဲပွဲ
MMR007,MMR007D002,MMR007013,MMR007013701,Oktwin Town,အုတ်တွင်း
MMR007,MMR007D002,MMR007012,MMR007012702,Kanyutkwin Town,ကညွတ်ကွင်း
MMR007,MMR007D002,MMR007012,MMR007012701,Phyu Town,ဖြူး
MMR007,MMR007D002,MMR007012,MMR007012703,Zayyawadi Town,ဇေယျ၀တီ
MMR007,MMR007D001,MMR007008,MMR007008701,Shwegyin Town,ရွှေကျင်
MMR007,MMR007D002,MMR007009,MMR007009702,Kaytumati Town,ကေတုမတီ
MMR007,MMR007D002,MMR007009,MMR007009701,Taungoo Town,တောင်ငူ
MMR007,MMR007D001,MMR007002,MMR007002701,Thanatpin Town,သနပ်ပင်
MMR007,MMR007D001,MMR007004,MMR007004701,Waw Town,ဝေါ
MMR007,MMR007D002,MMR007010,MMR007010702,Hswar Town,ဆွာ
MMR007,MMR007D002,MMR007010,MMR007010704,Myo Hla Town,မြို့လှ
MMR007,MMR007D002,MMR007010,MMR007010703,Yae Ni Town,ရေနီ
MMR007,MMR007D002,MMR007010,MMR007010701,Yedashe Town,ရေတာရှည်
MMR008,MMR008D002,MMR008014,MMR008014701,Gyobingauk Town,ကြို့ပင်ကောက်
MMR008,MMR008D002,MMR008008,MMR008008701,Letpadan Town,လက်ပံတန်း
MMR008,MMR008D002,MMR008009,MMR008009701,Minhla Town,မင်းလှ
MMR008,MMR008D002,MMR008009,MMR008009702,Sit Kwin Town,စစ်ကွင်း
MMR008,MMR008D002,MMR008013,MMR008013701,Monyo Town,မိုးညို
MMR008,MMR008D002,MMR008012,MMR008012701,Nattalin Town,နတ်တလင်း
MMR008,MMR008D002,MMR008012,MMR008012702,Tar Pun Town,တာပွန်
MMR008,MMR008D002,MMR008010,MMR008010702,Oe Thei Kone Town,အိုးသည်ကုန်း
MMR008,MMR008D002,MMR008010,MMR008010701,Okpho Town,အုတ်ဖို
MMR008,MMR008D001,MMR008003,MMR008003702,Oakshitpin Town,ဥရှစ်ပင်
MMR008,MMR008D001,MMR008003,MMR008003701,Padaung Town,ပန်းတောင်း
MMR008,MMR008D001,MMR008002,MMR008002701,Paukkhaung Town,ပေါက်ခေါင်း
MMR008,MMR008D001,MMR008004,MMR008004701,Paungde Town,ပေါင်းတည်
MMR008,MMR008D001,MMR008001,MMR008001702,Paungdale Town,ပေါင်းတလည်
MMR008,MMR008D001,MMR008001,MMR008001701,Pyay Town,ပြည်
MMR008,MMR008D001,MMR008006,MMR008006701,Shwedaung Town,ရွှေတောင်
MMR008,MMR008D002,MMR008007,MMR008007701,Thayarwady Town,သာယာဝတီ
MMR008,MMR008D002,MMR008007,MMR008007702,Thonse Town,သုံးဆယ်
MMR008,MMR008D001,MMR008005,MMR008005703,Inn Ma Town,အင်းမ
MMR008,MMR008D001,MMR008005,MMR008005702,Puteekone Town,ပုတီးကုန်း
MMR008,MMR008D001,MMR008005,MMR008005704,Sin Mee Swea Town,ဆင်မြီးဆွဲ
MMR008,MMR008D001,MMR008005,MMR008005701,Thegon Town,သဲကုန်း
MMR008,MMR008D002,MMR008011,MMR008011701,Zigon Town,ဇီးကုန်း
MMR004,MMR004D001,MMR004001,MMR004001701,Falam Town,ဖလမ်း
MMR004,MMR004D001,MMR004001,MMR004001702,Rihkhawdar Town,ရိခေါ်ဒါရ်
MMR004,MMR004D001,MMR004001,MMR004001703,Webula Town,ဝေဘူလ
MMR004,MMR004D003,MMR004002,MMR004002701,Hakha Town,ဟားခါး
MMR004,MMR004D003,MMR004002,MMR004002702,Surkhua Town,ဆူရ်ခွား
MMR004,MMR004D002,MMR004008,MMR004008701,Kanpetlet Town,ကန်ပက်လက်
MMR004,MMR004D002,MMR004008,MMR004008702,Kyin Dway Town,ကျင်ဒွေး
MMR004,MMR004D004,MMR004007,MMR004007703,Lalengpi Town,လိုင်လင်းပီ
MMR004,MMR004D004,MMR004007,MMR004007701,Matupi Town,မတူပီ
MMR004,MMR004D004,MMR004007,MMR004007702,Rezua Town,ရေဇွာ
MMR004,MMR004D002,MMR004006,MMR004006701,Mindat Town,မင်းတပ်
MMR004,MMR004D002,MMR004006,MMR004006702,M'kuiimnu Town,မကွီအိမ်နူး
MMR004,MMR004D004,MMR004009,MMR004009701,Paletwa Town,ပလက်ဝ
MMR004,MMR004D004,MMR004009,MMR004009702,Samee Town,ဆမီး
MMR004,MMR004D001,MMR004004,MMR004004702,Khaikam Town,ခိုင်ကမ်း
MMR004,MMR004D001,MMR004004,MMR004004701,Tedim Town,တီးတိန်
MMR004,MMR004D003,MMR004003,MMR004003702,Hnaring Town,နှာဟရိန်
MMR004,MMR004D003,MMR004003,MMR004003701,Thantlang Town,ထန်တလန်
MMR004,MMR004D001,MMR004005,MMR004005702,Cikha Town,ကျီခါး
MMR004,MMR004D001,MMR004005,MMR004005701,Tonzang Town,တွန်းဇန်
MMR001,MMR001D003,MMR001010,MMR001010701,Bhamo Town,ဗန်းမော်
MMR001,MMR001D001,MMR001005,MMR001005701,Chipwi Town,ချီဖွေ
MMR001,MMR001D001,MMR001005,MMR001005702,Pang War Town,ပန်ဝါ
MMR001,MMR001D002,MMR001009,MMR001009701,Hpakant Town,ဖားကန့်
MMR001,MMR001D002,MMR001009,MMR001009702,Kamaing Town,ကာမိုင်း
MMR001,MMR001D001,MMR001003,MMR001003701,Injangyang Town,အင်ဂျန်းယန်
MMR001,MMR001D004,MMR001018,MMR001018701,Khaunglanhpu Town,ခေါင်လန်ဖူး
MMR001,MMR001D004,MMR001016,MMR001016701,Machanbaw Town,မချမ်းဘော
MMR001,MMR001D003,MMR001013,MMR001013701,Mansi Town,မံစီ
MMR001,MMR001D002,MMR001008,MMR001008701,Mogaung Town,မိုးကောင်း
MMR001,MMR001D002,MMR001008,MMR001008702,Nammatee Town,နမ္မတီး
MMR001,MMR001D002,MMR001007,MMR001007702,Hopin Town,ဟိုပင်
MMR001,MMR001D002,MMR001007,MMR001007703,Inn Taw Gyi Town,အင်းတော်ကြီး
MMR001,MMR001D002,MMR001007,MMR001007701,Mohnyin Town,မိုးညှင်း
MMR001,MMR001D002,MMR001007,MMR001007705,Nam Mar Town,နန်းမား
MMR001,MMR001D002,MMR001007,MMR001007704,Nam Mun Town,နန့်မွန်း
MMR001,MMR001D003,MMR001012,MMR001012703,Dawthponeyan Town,ဒေါ့ဖုန်းယန်
MMR001,MMR001D003,MMR001012,MMR001012702,Lwegel Town,လွယ်ဂျယ်
MMR001,MMR001D003,MMR001012,MMR001012701,Momauk Town,မိုးမောက်
MMR001,MMR001D001,MMR001001,MMR001001701,Myitkyina Town,မြစ်ကြီးနား
MMR001,MMR001D001,MMR001001,MMR001001702,Sinbo Town,ဆင်ဘို
MMR001,MMR001D004,MMR001017,MMR001017701,Nawngmun Town,နောင်မွန်း
MMR001,MMR001D004,MMR001017,MMR001017702,Pannandin Town,ပန်နန်းဒင်
MMR001,MMR001D004,MMR001014,MMR001014701,Puta-O Town,ပူတာအို
MMR001,MMR001D003,MMR001011,MMR001011702,Myo Hla Town,မြို့လှ
MMR001,MMR001D003,MMR001011,MMR001011701,Shwegu Town,ရွှေကူ
MMR001,MMR001D004,MMR001015,MMR001015701,Sumprabum Town,ဆွမ်ပရာဘွမ်
MMR001,MMR001D001,MMR001004,MMR001004702,Shin Bway Yang Town,ရှင်ဗွေယန်
MMR001,MMR001D001,MMR001004,MMR001004701,Tanai Town,တနိုင်း
MMR001,MMR001D001,MMR001006,MMR001006701,Tsawlaw Town,ဆော့လော်
MMR001,MMR001D001,MMR001002,MMR001002703,Kan Paik Ti Town,ကန်ပိုက်တီ
MMR001,MMR001D001,MMR001002,MMR001002702,Sadung Town,ဆဒုံး
MMR001,MMR001D001,MMR001002,MMR001002701,Waingmaw Town,ဝိုင်းမော်
MMR002,MMR002D002,MMR002005,MMR002005701,Bawlake Town,ဘောလခဲ
MMR002,MMR002D002,MMR002005,MMR002005702,Ywarthit Town,ရွာသစ်
MMR002,MMR002D001,MMR002002,MMR002002701,Demoso Town,ဒီးမော့ဆို
MMR002,MMR002D001,MMR002002,MMR002002702,Nan Mei Khon Town,နန်းမယ်ခုံ
MMR002,MMR002D002,MMR002006,MMR002006701,Hpasawng Town,ဖားဆောင်း
MMR002,MMR002D001,MMR002003,MMR002003701,Hpruso Town,ဖရူဆို
MMR002,MMR002D001,MMR002001,MMR002001703,Law Pi Ta Town,လောပိတ
MMR002,MMR002D001,MMR002001,MMR002001701,Loikaw Town,လွိုင်ကော်
MMR002,MMR002D001,MMR002001,MMR002001702,Loilen Lay Town,လွိုင်လင်လေး
MMR002,MMR002D002,MMR002007,MMR002007701,Mese Town,မယ်စဲ
MMR002,MMR002D001,MMR002004,MMR002004701,Shadaw Town,ရှားတော
MMR003,MMR003D001,MMR003002,MMR003002701,Hlaingbwe Town,လှိုင်းဘွဲ့
MMR003,MMR003D001,MMR003002,MMR003002702,Paingkyon Town,ပိုင်ကျုံ
MMR003,MMR003D001,MMR003002,MMR003002703,Shan Ywar Thit Town,ရှမ်းရွာသစ်
MMR003,MMR003D001,MMR003001,MMR003001701,Hpa-An Town,ဘားအံ
MMR003,MMR003D004,MMR003003,MMR003003701,Hpapun Town,ဖာပွန်
MMR003,MMR003D004,MMR003003,MMR003003702,Kamarmaung Town,ကမမောင်း
MMR003,MMR003D003,MMR003006,MMR003006701,Kawkareik Town,ကော့ကရိတ်
MMR003,MMR003D003,MMR003006,MMR003006702,Kyondoe Town,ကျုံဒိုး
MMR003,MMR003D003,MMR003007,MMR003007702,Hpayarthonesu Town,ဘုရားသုံးဆူ
MMR003,MMR003D003,MMR003007,MMR003007703,Kyaikdon Town,ကျိုက်ဒုံ
MMR003,MMR003D003,MMR003007,MMR003007701,Kyainseikgyi Town,ကြာအင်းဆိပ်ကြီး
MMR003,MMR003D002,MMR003005,MMR003005701,Myawaddy Town,မြဝတီ
MMR003,MMR003D002,MMR003005,MMR003005702,Su Ka Li Town,စုကလိ
MMR003,MMR003D002,MMR003005,MMR003005703,Waw Lay Myaing (Waw Lay) Town,​ဝေါလေမြိုင် (ဝေါလေ)
MMR003,MMR003D001,MMR003004,MMR003004704,Baw Ga Li Town,ဘောဂလိ
MMR003,MMR003D001,MMR003004,MMR003004703,Leik Tho Town,လိပ်သို
MMR003,MMR003D001,MMR003004,MMR003004702,Thandaung Town,သံတောင်
MMR003,MMR003D001,MMR003004,MMR003004701,Thandaunggyi Town,သံတောင်ကြီး
MMR009,MMR009D003,MMR009016,MMR009016701,Aunglan Town,အောင်လံ
MMR009,MMR009D001,MMR009003,MMR009003701,Chauk Town,ချောက်
MMR009,MMR009D001,MMR009003,MMR009003702,Sa Lay Town,စလေ
MMR009,MMR009D005,MMR009023,MMR009023701,Gangaw Town,ဂန့်ဂေါ
MMR009,MMR009D005,MMR009023,MMR009023702,Kyaw Town,ကျော
MMR009,MMR009D003,MMR009015,MMR009015701,Kamma Town,ကံမ
MMR009,MMR009D001,MMR009001,MMR009001701,Magway Town,မကွေး
MMR009,MMR009D002,MMR009007,MMR009007701,Minbu Town,မင်းဘူး
MMR009,MMR009D002,MMR009007,MMR009007702,Saku Town,စကု
MMR009,MMR009D003,MMR009014,MMR009014701,Mindon Town,မင်းတုန်း
MMR009,MMR009D003,MMR009013,MMR009013701,Minhla Town,မင်းလှ
MMR009,MMR009D004,MMR009020,MMR009020701,Myaing Town,မြိုင်
MMR009,MMR009D001,MMR009005,MMR009005701,Myothit Town,မြို့သစ်
MMR009,MMR009D001,MMR009006,MMR009006701,Natmauk Town,နတ်မောက်
MMR009,MMR009D002,MMR009009,MMR009009701,Ngape Town,ငဖဲ
MMR009,MMR009D004,MMR009018,MMR009018702,Kamma Town,ကမ္မ
MMR009,MMR009D004,MMR009018,MMR009018703,Myit Chay Town,မြစ်ခြေ
MMR009,MMR009D004,MMR009018,MMR009018701,Pakokku Town,ပခုက္ကူ
MMR009,MMR009D004,MMR009021,MMR009021701,Pauk Town,ပေါက်
MMR009,MMR009D002,MMR009008,MMR009008701,Pwintbyu Town,ပွင့်ဖြူ
MMR009,MMR009D002,MMR009010,MMR009010701,Salin Town,စလင်း
MMR009,MMR009D002,MMR009010,MMR009010702,Sinphyukyun Town,ဆင်ဖြူကျွန်း
MMR009,MMR009D005,MMR009025,MMR009025702,Kyaukhtu Town,ကျောက်ထု
MMR009,MMR009D005,MMR009025,MMR009025701,Saw Town,ဆော
MMR009,MMR009D004,MMR009022,MMR009022701,Seikphyu Town,ဆိပ်ဖြူ
MMR009,MMR009D002,MMR009011,MMR009011701,Sidoktaya Town,စေတုတ္ထရာ
MMR009,MMR009D003,MMR009017,MMR009017701,Sinbaungwe Town,ဆင်ပေါင်ဝဲ
MMR009,MMR009D001,MMR009004,MMR009004701,Taungdwingyi Town,တောင်တွင်းကြီး
MMR009,MMR009D003,MMR009012,MMR009012701,Thayet Town,သရက်
MMR009,MMR009D005,MMR009024,MMR009024701,Tilin Town,ထီးလင်း
MMR009,MMR009D001,MMR009002,MMR009002701,Yenangyaung Town,ရေနံချောင်း
MMR009,MMR009D004,MMR009019,MMR009019701,Yesagyo Town,ရေစကြို
MMR010,MMR010D001,MMR010006,MMR010006701,Amarapura Town,အမရပူရ
MMR010,MMR010D001,MMR010006,MMR010006702,Myitnge Town,မြစ်ငယ်
MMR010,MMR010D001,MMR010001,MMR010001701,Aungmyaythazan Town,အောင်မြေသာဇံ
MMR010,MMR010D001,MMR010001,MMR010000777,Mandalay City,မန္တလေး
MMR010,MMR010D001,MMR010002,MMR010002701,Chanayethazan Town,ချမ်းအေးသာဇံ
MMR010,MMR010D001,MMR010004,MMR010004701,Chanmyathazi Town,ချမ်းမြသာစည်
MMR010,MMR010D005,MMR010020,MMR010020701,Kyaukpadaung Town,ကျောက်ပန်းတောင်း
MMR010,MMR010D003,MMR010013,MMR010013701,Kyaukse Town,ကျောက်ဆည်
MMR010,MMR010D002,MMR010009,MMR010009701,Madaya Town,မတ္တရာ
MMR010,MMR010D001,MMR010003,MMR010003701,Mahaaungmyay Town,မဟာအောင်မြေ
MMR010,MMR010D007,MMR010029,MMR010029701,Mahlaing Town,မလှိုင်
MMR010,MMR010D007,MMR010028,MMR010028701,Meiktila Town,မိတ္ထီလာ
MMR010,MMR010D002,MMR010011,MMR010011701,Mogoke Town,မိုးကုတ်
MMR010,MMR010D004,MMR010017,MMR010017701,Myingyan Town,မြင်းခြံ
MMR010,MMR010D004,MMR010017,MMR010017702,Si Mee Khon Town,ဆီမီးခုံ
MMR010,MMR010D003,MMR010015,MMR010015702,Ku Me Town,ကူမဲ
MMR010,MMR010D003,MMR010015,MMR010015701,Myittha Town,မြစ်သား
MMR010,MMR010D004,MMR010019,MMR010019701,Natogyi Town,နွားထိုးကြီး
MMR010,MMR010D004,MMR010021,MMR010021701,Ngazun Town,ငါန်းဇွန်
MMR010,MMR010D005,MMR010022,MMR010022702,Bagan Town,ပုဂံ
MMR010,MMR010D005,MMR010022,MMR010022703,Ngathayauk Town,ငါ့သရောက်
MMR010,MMR010D005,MMR010022,MMR010022701,Nyaung-U Town,ညောင်ဦး
MMR010,MMR010D001,MMR010007,MMR010007701,Patheingyi Town,ပုသိမ်ကြီး
MMR010,MMR010D006,MMR010024,MMR010024701,Pyawbwe Town,ပျော်ဘွယ်
MMR010,MMR010D001,MMR010005,MMR010005701,Pyigyitagon Town,ပြည်ကြီးတံခွန်
MMR010,MMR010D002,MMR010008,MMR010008701,Pyinoolwin Town,ပြင်ဦးလွင်
MMR010,MMR010D002,MMR010010,MMR010010701,Singu Town,စဉ့်ကူး
MMR010,MMR010D003,MMR010014,MMR010014701,Sintgaing Town,စဉ့်ကိုင်
MMR010,MMR010D003,MMR010016,MMR010016701,Tada-U Town,တံတားဦး
MMR010,MMR010D004,MMR010018,MMR010018701,Taungtha Town,တောင်သာ
MMR010,MMR010D002,MMR010012,MMR010012702,Takaung Town,တကောင်း
MMR010,MMR010D002,MMR010012,MMR010012701,Thabeikkyin Town,သပိတ်ကျင်း
MMR010,MMR010D007,MMR010030,MMR010030701,Thazi Town,သာစည်
MMR010,MMR010D007,MMR010031,MMR010031701,Wundwin Town,ဝမ်းတွင်း
MMR010,MMR010D006,MMR010023,MMR010023701,Yamethin Town,ရမည်းသင်း
MMR011,MMR011D002,MMR011010,MMR011010701,Bilin Town,ဘီးလင်း
MMR011,MMR011D001,MMR011003,MMR011003701,Chaungzon Town,ချောင်းဆုံ
MMR011,MMR011D001,MMR011002,MMR011002701,Kyaikmaraw Town,ကျိုက်မရော
MMR011,MMR011D002,MMR011009,MMR011009701,Kyaikto Town,ကျိုက်ထို
MMR011,MMR011D002,MMR011009,MMR011009702,Thein Za Yat Town,သိမ်ဇရပ်
MMR011,MMR011D001,MMR011001,MMR011001701,Mawlamyine Town,မော်လမြိုင်
MMR011,MMR011D001,MMR011005,MMR011005702,Kamarwet Town,ကမာ၀က်
MMR011,MMR011D001,MMR011005,MMR011005701,Mudon Town,မုဒုံ
MMR011,MMR011D002,MMR011008,MMR011008701,Paung Town,ပေါင်
MMR011,MMR011D002,MMR011008,MMR011008702,Zinkyaik Town,ဇင်းကျိုက်
MMR011,MMR011D001,MMR011004,MMR011004702,Kyaikkhami Town,ကျိုက္ခမီ
MMR011,MMR011D001,MMR011004,MMR011004701,Thanbyuzayat Town,သံဖြူဇရပ်
MMR011,MMR011D002,MMR011007,MMR011007701,Thaton Town,သထုံ
MMR011,MMR011D002,MMR011007,MMR011007702,Thuwunnawady Town,သုဝဏ္ဏဝတီ
MMR011,MMR011D001,MMR011006,MMR011006703,Khawzar Town,ခေါဇာ
MMR011,MMR011D001,MMR011006,MMR011006702,Lamaing Town,လမိုင်း
MMR011,MMR011D001,MMR011006,MMR011006701,Ye Town,ရေး
MMR018,MMR018D002,MMR018004,MMR018004701,Det Khi Na Thi Ri Town,ဒက္ခိဏသီရိ
MMR018,MMR018D002,MMR018007,MMR018007701,Lewe Town,လယ်ဝေး
MMR018,MMR018D001,MMR018008,MMR018008701,Oke Ta Ra Thi Ri Town,ဥတ္တရသီရိ
MMR018,MMR018D001,MMR018005,MMR018005701,Poke Ba Thi RiTown,ပုဗ္ဗသီရိ
MMR018,MMR018D002,MMR018006,MMR018006701,Pyinmana Town,ပျဉ်းမနား
MMR018,MMR018D001,MMR018003,MMR018003701,Tatkon Town,တပ်ကုန်း
MMR018,MMR018D002,MMR018002,MMR018002701,Za Bu Thi Ri Town,ဇမ္ဗူသီရိ
MMR018,MMR018D001,MMR018001,MMR018000777,Nay Pyi Taw Town,နေပြည်တော်
MMR018,MMR018D001,MMR018001,MMR018001701,Zay Yar Thi Ri Town,ဇေယျာသီရိ
MMR012,MMR012D003,MMR012014,MMR012014701,Ann Town,အမ်း
MMR012,MMR012D003,MMR012014,MMR012014702,Tat Taung Town,တပ်တောင်
MMR012,MMR012D002,MMR012010,MMR012010701,Buthidaung Town,ဘူးသီးတောင်
MMR012,MMR012D004,MMR012017,MMR012017701,Gwa Town,ဂွ
MMR012,MMR012D004,MMR012017,MMR012017702,Kyeintali Town,ကျိန္တလီ
MMR012,MMR012D003,MMR012011,MMR012011701,Kyaukpyu Town,ကျောက်ဖြူ
MMR012,MMR012D003,MMR012011,MMR012011702,Sa Ne Town,စနဲ
MMR012,MMR012D005,MMR012004,MMR012004701,Kyauktaw Town,ကျောက်တော်
MMR012,MMR012D002,MMR012009,MMR012009703,Kha Maung Seik Town,ခမောင်းဆိပ်
MMR012,MMR012D002,MMR012009,MMR012009701,Maungdaw Town,မောင်တော
MMR012,MMR012D002,MMR012009,MMR012009704,Myin Hlut Town,မြင်းလွှတ်
MMR012,MMR012D002,MMR012009,MMR012009702,Taungpyoletwea Town,တောင်ပြိုလက်ဝဲ
MMR012,MMR012D005,MMR012005,MMR012005701,Minbya Town,မင်းပြား
MMR012,MMR012D005,MMR012003,MMR012003701,Mrauk-U Town,မြောက်ဦး
MMR012,MMR012D003,MMR012012,MMR012012701,Munaung Town,မာန်အောင်
MMR012,MMR012D005,MMR012006,MMR012006702,Kanhtauntkyi Town,ကမ်းထောင့်ကြီး
MMR012,MMR012D005,MMR012006,MMR012006701,Myebon Town,မြေပုံ
MMR012,MMR012D001,MMR012007,MMR012007701,Pauktaw Town,ပေါက်တော
MMR012,MMR012D001,MMR012002,MMR012002701,Ponnagyun Town,ပုဏ္ဏားကျွန်း
MMR012,MMR012D003,MMR012013,MMR012013702,Lay Taung Town,လေးတောင်
MMR012,MMR012D003,MMR012013,MMR012013701,Ramree Town,ရမ်းဗြဲ
MMR012,MMR012D001,MMR012008,MMR012008701,Rathedaung Town,ရသေ့တောင်
MMR012,MMR012D001,MMR012001,MMR012001701,Sittwe Town,စစ်တွေ
MMR012,MMR012D004,MMR012015,MMR012015702,Ngapali Town,ငပလီ
MMR012,MMR012D004,MMR012015,MMR012015701,Thandwe Town,သံတွဲ
MMR012,MMR012D004,MMR012016,MMR012016702,Ma-Ei Town,မအီ
MMR012,MMR012D004,MMR012016,MMR012016703,Tan Hlwe Ywar Ma Town,တန်းလွဲရွာမ
MMR012,MMR012D004,MMR012016,MMR012016701,Toungup Town,တောင်ကုတ်
MMR005,MMR005D003,MMR005014,MMR005014701,Ayadaw Town,အရာတော်
MMR005,MMR005D004,MMR005023,MMR005023701,Banmauk Town,ဗန်းမောက်
MMR005,MMR005D003,MMR005013,MMR005013701,Budalin Town,ဘုတလင်
MMR005,MMR005D003,MMR005015,MMR005015701,Chaung-U Town,ချောင်းဦး
MMR005,MMR005D008,MMR005033,MMR005033701,Hkamti Town,ခန္တီး
MMR005,MMR005D008,MMR005034,MMR005034701,Homalin Town,ဟုမ္မလင်း
MMR005,MMR005D008,MMR005034,MMR005034703,Mo Waing Lut Town,မိုဝိုင်းလွတ်
MMR005,MMR005D008,MMR005034,MMR005034702,Shwe Pyi Aye Town,ရွှေပြည်အေး
MMR005,MMR005D004,MMR005021,MMR005021701,Indaw Town,အင်းတော်
MMR005,MMR005D004,MMR005021,MMR005021702,Maw Lu Town,မော်လူး
MMR005,MMR005D005,MMR005027,MMR005027701,Kale Town,ကလေး
MMR005,MMR005D005,MMR005028,MMR005028701,Kalewa Town,ကလေးဝ
MMR005,MMR005D010,MMR005007,MMR005007701,Kanbalu Town,ကန့်ဘလူ
MMR005,MMR005D010,MMR005007,MMR005007702,Zee Kone Town,ဇီးကုန်း
MMR005,MMR005D009,MMR005017,MMR005017701,Kani Town,ကနီ
MMR005,MMR005D004,MMR005020,MMR005020701,Katha Town,ကသာ
MMR005,MMR005D011,MMR005024,MMR005024701,Kawlin Town,ကောလင်း
MMR005,MMR005D002,MMR005005,MMR005005701,Khin-U Town,ခင်ဦး
MMR005,MMR005D010,MMR005008,MMR005008701,Kyunhla Town,ကျွန်းလှ
MMR005,MMR005S001,MMR005036,MMR005036702,Htan Par Kway Town,ထန်ပါခွေ
MMR005,MMR005S001,MMR005036,MMR005036701,Lahe Town,လဟယ်
MMR005,MMR005S001,MMR005035,MMR005035701,Lay Shi Town,လေရှီး
MMR005,MMR005S001,MMR005035,MMR005035702,Mo Paing Lut Town,မိုပိုင်းလွတ်
MMR005,MMR005S001,MMR005035,MMR005035703,Sum Ma Rar Town,ဆွမ္မရာ
MMR005,MMR005D007,MMR005031,MMR005031701,Mawlaik Town,မော်လိုက်
MMR005,MMR005D005,MMR005029,MMR005029701,Mingin Town,မင်းကင်း
MMR005,MMR005D003,MMR005012,MMR005012701,Monywa Town,မုံရွာ
MMR005,MMR005D001,MMR005003,MMR005003701,Myaung Town,မြောင်
MMR005,MMR005D001,MMR005002,MMR005002701,Myinmu Town,မြင်းမူ
MMR005,MMR005S001,MMR005037,MMR005037703,Don Hee Town,ဒုံဟီး
MMR005,MMR005S001,MMR005037,MMR005037701,Nanyun Town,နန်းယွန်း
MMR005,MMR005S001,MMR005037,MMR005037702,Pansaung Town,ပန်ဆောင်
MMR005,MMR005D009,MMR005019,MMR005019701,Pale Town,ပုလဲ
MMR005,MMR005D007,MMR005032,MMR005032701,Paungbyin Town,ဖောင်းပြင်
MMR005,MMR005D011,MMR005026,MMR005026701,Pinlebu Town,ပင်လည်ဘူး
MMR005,MMR005D001,MMR005001,MMR005001701,Sagaing Town,စစ်ကိုင်း
MMR005,MMR005D001,MMR005001,MMR005001702,Sar Taung Town,ဆားတောင်
MMR005,MMR005D009,MMR005018,MMR005018701,Salingyi Town,ဆားလင်းကြီး
MMR005,MMR005D002,MMR005004,MMR005004702,Kyauk Myaung Town,​ကျောက်မြောင်း
MMR005,MMR005D002,MMR005004,MMR005004701,Shwebo Town,ရွှေဘို
MMR005,MMR005D002,MMR005010,MMR005010702,Saing Pyin Town,စိုင်ပြင်
MMR005,MMR005D002,MMR005010,MMR005010701,Tabayin Town,ဒီပဲယင်း
MMR005,MMR005D006,MMR005030,MMR005030703,Khampat Town,ခါမ်းပါတ်
MMR005,MMR005D006,MMR005030,MMR005030702,Myothit Town,မြို့သစ်
MMR005,MMR005D006,MMR005030,MMR005030701,Tamu Town,တမူး
MMR005,MMR005D002,MMR005011,MMR005011701,Taze Town,တန့်ဆည်
MMR005,MMR005D004,MMR005022,MMR005022701,Tigyaing Town,ထီးချိုင့်
MMR005,MMR005D002,MMR005006,MMR005006701,Wetlet Town,ဝက်လက်
MMR005,MMR005D011,MMR005025,MMR005025701,Wuntho Town,ဝန်းသို
MMR005,MMR005D002,MMR005009,MMR005009701,Ye-U Town,ရေဦး
MMR005,MMR005D009,MMR005016,MMR005016701,Yinmarbin Town,ယင်းမာပင်
MMR016,MMR016D333,MMR016320,MMR016320701,Ho Tawng (Ho Tao) Town,ဟိုတောင်း
MMR016,MMR016D001,MMR016001,MMR016001701,Kengtung Town,ကျိုင်းတုံ
MMR016,MMR016D333,MMR016319,MMR016319701,Mong Hpen Town,မိုင်းဖျန်
MMR016,MMR016D333,MMR016322,MMR016322701,Mong Kar Town,မိုင်းကာ
MMR016,MMR016D333,MMR016321,MMR016321701,Mong Pawk Town,မိုင်းပေါက်
MMR016,MMR016D003,MMR016010,MMR016010701,Monghpyak Town,မိုင်းဖြတ်
MMR016,MMR016D002,MMR016006,MMR016006701,Monghsat Town,မိုင်းဆတ်
MMR016,MMR016D002,MMR016006,MMR016006702,Mongkhoke Town,မိုင်းခုတ်
MMR016,MMR016D001,MMR016002,MMR016002701,Mongkhet Town,မိုင်းခတ်
MMR016,MMR016D001,MMR016005,MMR016005701,Mongla Town,မိုင်းလား
MMR016,MMR016D001,MMR016007,MMR016007701,Mongping Town,မိုင်းပျဉ်း
MMR016,MMR016D001,MMR016007,MMR016007702,Tontar Town,တုံတာ
MMR016,MMR016D002,MMR016008,MMR016008703,Hmone Hta Town,မုံးထ
MMR016,MMR016D002,MMR016008,MMR016008701,Mongton Town,မိုင်းတုံ
MMR016,MMR016D002,MMR016008,MMR016008702,Ponparkyin Town,ပုံပါကျင်
MMR016,MMR016D001,MMR016003,MMR016003702,Mongpauk Town,မိုင်းပေါက်
MMR016,MMR016D001,MMR016003,MMR016003701,Mongyang Town,မိုင်းယန်း
MMR016,MMR016D003,MMR016011,MMR016011701,Mongyawng Town,မိုင်းယောင်း
MMR016,MMR016D003,MMR016011,MMR016011702,Mongyu Town,မိုင်းယု
MMR016,MMR016D333,MMR016323,MMR016323701,Nam Hpai Town,နမ့်ဖိုင်
MMR016,MMR016D003,MMR016009,MMR016009702,Kenglat Town,ကျိုင်းလပ်
MMR016,MMR016D003,MMR016009,MMR016009701,Tachileik Town,တာချီလိတ်
MMR016,MMR016D003,MMR016009,MMR016009703,Tarlay Town,တာလေ
MMR015,MMR015D331,MMR015311,MMR015311701,Aik Chan (Ai' Chun) Town,အိုက်ချန်
MMR015,MMR015D331,MMR015306,MMR015306701,Hkun Mar (Hkwin Ma) Town,ခွန်းမား
MMR015,MMR015D006,MMR015021,MMR015021701,Hopang Town,ဟိုပန်
MMR015,MMR015D006,MMR015021,MMR015021702,Namtit Town,နမ့်တစ်
MMR015,MMR015D006,MMR015021,MMR015021703,Pan Lon Town,ပန်လုံ
MMR015,MMR015D331,MMR015305,MMR015305701,Hsawng Hpa (Saun Pha) Town,ဆောင်ဖ
MMR015,MMR015D001,MMR015002,MMR015002701,Hseni Town,သိန္နီ
MMR015,MMR015D003,MMR015014,MMR015014701,Hsipaw Town,သီပေါ
MMR015,MMR015D331,MMR015310,MMR015310701,Ka Lawng Hpar Town,ကလောင်ဖါ
MMR015,MMR015D331,MMR015304,MMR015304702,Mong Maw Town,မိုင်းမော
MMR015,MMR015S002,MMR015023,MMR015023701,Konkyan Town,ကုန်းကြမ်း
MMR015,MMR015S002,MMR015023,MMR015023702,Maw Hteik Town,​မော်ထိုက်
MMR015,MMR015D001,MMR015020,MMR015020701,Kunlong Town,ကွမ်းလုံ
MMR015,MMR015D002,MMR015011,MMR015011701,Kutkai Town,ကွတ်ခိုင်
MMR015,MMR015D002,MMR015011,MMR015011702,Tarmoenye Town,တာမိုးညဲ
MMR015,MMR015D003,MMR015012,MMR015012701,Kyaukme Town,ကျောက်မဲ
MMR015,MMR015D003,MMR015012,MMR015012703,Monglon Town,မိုင်းလုံ
MMR015,MMR015D003,MMR015012,MMR015012702,Mongngawt Town,မိုင်းငေါ့
MMR015,MMR015D001,MMR015001,MMR015001701,Lashio Town,လားရှိုး
MMR015,MMR015S002,MMR015022,MMR015022702,Chinshwehaw Town,ချင်းရွှေဟော်
MMR015,MMR015S002,MMR015022,MMR015022701,Laukkaing Town,လောက်ကိုင်
MMR015,MMR015D331,MMR015309,MMR015309701,Lin Haw Town,လင်ဟော်
MMR015,MMR015D331,MMR015307,MMR015307701,Long Htan Town,လုံထန်
MMR015,MMR015D008,MMR015018,MMR015018701,Mabein Town,မဘိမ်း
MMR015,MMR015D332,MMR015313,MMR015313701,Man Man Hseng Town,မန်မန်ဆိုင်
MMR015,MMR015D331,MMR015303,MMR015303701,Man Tun Town,မန်တွန်း
MMR015,MMR015S001,MMR015019,MMR015019701,Manton Town,မန်တုံ
MMR015,MMR015D007,MMR015024,MMR015024701,Matman Town,မက်မန်း
MMR015,MMR015D006,MMR015008,MMR015008701,Mongmao Town,မိုင်းမော
MMR015,MMR015D008,MMR015017,MMR015017701,Mongmit Town,မိုးမိတ်
MMR015,MMR015D001,MMR015003,MMR015003701,Mongyai Town,မိုင်းရယ်
MMR015,MMR015D002,MMR015009,MMR015009703,Manhlyoe (Manhero) Town,(မန်ဟျိုး) မန်ဟီးရိုး
MMR015,MMR015D002,MMR015009,MMR015009702,Monekoe Town,မုန်းကိုး
MMR015,MMR015D002,MMR015009,MMR015009701,Muse Town,မူဆယ်
MMR015,MMR015D002,MMR015009,MMR015009704,Pang Hseng (Kyu Koke) Town,ပန်ဆိုင်း (ကြူကုတ်)
MMR015,MMR015D332,MMR015315,MMR015315701,Nam Hkam Wu Town,နမ်ခမ်းဝူး
MMR015,MMR015D331,MMR015301,MMR015301701,Nam Tit Town,နမ့်တစ်
MMR015,MMR015D002,MMR015010,MMR015010701,Namhkan Town,နမ့်ခမ်း
MMR015,MMR015S001,MMR015016,MMR015016701,Namhsan Town,နမ့်ဆန်
MMR015,MMR015D003,MMR015015,MMR015015701,Namtu Town,နမ္မတူ
MMR015,MMR015D332,MMR015316,MMR015316701,Nar Kawng Town,နားကောင်
MMR015,MMR015D331,MMR015302,MMR015302701,Nar Wee (Na Wi) Town,နာဝီး
MMR015,MMR015D007,MMR015006,MMR015006701,Narphan Town,နားဖန်
MMR015,MMR015D332,MMR015314,MMR015314701,Nawng Hkit Town,နောင်ခစ်
MMR015,MMR015D332,MMR015314,MMR015314702,Wein Kawn Town,ဝိန်းကောင်
MMR015,MMR015D003,MMR015013,MMR015013701,Nawnghkio Town,နောင်ချို
MMR015,MMR015D332,MMR015317,MMR015317701,Pang Hkam Town,ပန်ခမ့်
MMR015,MMR015D332,MMR015318,MMR015318701,Pang Yang Town,ပန်ယန်း
MMR015,MMR015D007,MMR015005,MMR015005702,Man Kan Town,မန်ကန်
MMR015,MMR015D007,MMR015005,MMR015005701,Pangsang Town,ပန်ဆန်း (ပန်ခမ်း)
MMR015,MMR015D006,MMR015007,MMR015007701,Pangwaun Town,ပန်ဝိုင်
MMR015,MMR015D001,MMR015004,MMR015004701,Tangyan Town,တန့်ယန်း
MMR015,MMR015D331,MMR015308,MMR015308701,Yawng Lin Town,ယောင်လင်း
MMR015,MMR015D331,MMR015312,MMR015312701,Yin Pang Town,ရင်ဖန့်
MMR014,MMR014S002,MMR014003,MMR014003701,Hopong Town,ဟိုပုံး
MMR014,MMR014S002,MMR014004,MMR014004701,Hsihseng Town,ဆီဆိုင်
MMR014,MMR014D001,MMR014005,MMR014005702,Aungpan Town,အောင်ပန်း
MMR014,MMR014D001,MMR014005,MMR014005703,He Hoe Town,ဟဲဟိုး
MMR014,MMR014D001,MMR014005,MMR014005701,Kalaw Town,ကလော
MMR014,MMR014D002,MMR014014,MMR014014702,Kar Li Town,ကာလိ
MMR014,MMR014D002,MMR014014,MMR014014701,Kunhing Town,ကွန်ဟိန်း
MMR014,MMR014D002,MMR014015,MMR014015701,Kyethi Town,ကျေးသီး
MMR014,MMR014D002,MMR014015,MMR014015702,Mongnawng Town,မိုင်းနောင်
MMR014,MMR014D002,MMR014012,MMR014012701,Laihka Town,လဲချား
MMR014,MMR014D003,MMR014018,MMR014018702,Homein Town,ဟိုမိန်း
MMR014,MMR014D003,MMR014018,MMR014018701,Langkho Town,လင်းခေး
MMR014,MMR014D001,MMR014008,MMR014008702,Intaw Town,အင်တော
MMR014,MMR014D001,MMR014008,MMR014008701,Lawksawk Town,ရပ်စောက်
MMR014,MMR014D002,MMR014011,MMR014011701,Loilen Town,လွိုင်လင်
MMR014,MMR014D002,MMR014011,MMR014011702,Pinlon Town,ပင်လုံ
MMR014,MMR014D003,MMR014020,MMR014020701,Mawkmai Town,မောက်မယ်
MMR014,MMR014D002,MMR014017,MMR014017701,Monghsu Town,မိုင်းရှူး
MMR014,MMR014D002,MMR014017,MMR014017702,Mongsan (Hmonesan) Town,မိုင်းစံ (မုန်းဆန်း)
MMR014,MMR014D002,MMR014016,MMR014016701,Mongkaing Town,မိုင်းကိုင်
MMR014,MMR014D003,MMR014019,MMR014019702,Kengtawng Town,ကျိုင်းတောင်း
MMR014,MMR014D003,MMR014019,MMR014019701,Mongnai Town,မိုးနဲ
MMR014,MMR014D003,MMR014021,MMR014021701,Mongpan Town,မိုင်းပန်
MMR014,MMR014D002,MMR014013,MMR014013702,Kho Lam Town,ခိုလမ်
MMR014,MMR014D002,MMR014013,MMR014013701,Nansang Town,နမ့်စန်
MMR014,MMR014D001,MMR014002,MMR014002702,Nang Pang Town,နန်းပန်
MMR014,MMR014D001,MMR014002,MMR014002701,Nyaungshwe Town,ညောင်ရွှေ
MMR014,MMR014D001,MMR014010,MMR014010701,Pekon Town,ဖယ်ခုံ
MMR014,MMR014S001,MMR014006,MMR014006701,Pindaya Town,ပင်းတယ
MMR014,MMR014S002,MMR014009,MMR014009702,Naungtayar Town,နောင်တရား
MMR014,MMR014S002,MMR014009,MMR014009703,Pawng Lawng Town,ပေါင်းလောင်း
MMR014,MMR014S002,MMR014009,MMR014009701,Pinlaung Town,ပင်လောင်း
MMR014,MMR014D001,MMR014001,MMR014001702,Ayetharyar Town,အေးသာယာ
MMR014,MMR014D001,MMR014001,MMR014001703,Kyauktalonegyi Town,ကျောက်တလုံးကြီး
MMR014,MMR014D001,MMR014001,MMR014001704,Shwenyaung Town,ရွှေညောင်
MMR014,MMR014D001,MMR014001,MMR014001701,Taunggyi Town,တောင်ကြီး
MMR014,MMR014S001,MMR014007,MMR014007701,Ywangan Town,ရွာငံ
MMR006,MMR006D003,MMR006010,MMR006010701,Bokpyin Town,ဘုတ်ပြင်း
MMR006,MMR006D003,MMR006010,MMR006010703,Karathuri Town,ကရသူရိ
MMR006,MMR006D003,MMR006010,MMR006010702,Pyigyimandaing Town,ပြည်ကြီးမဏ္ဍိုင်
MMR006,MMR006D001,MMR006001,MMR006001701,Dawei Town,ထားဝယ်
MMR006,MMR006D001,MMR006001,MMR006001702,Myitta Town,မေတ္တာ
MMR006,MMR006D003,MMR006009,MMR006009701,Kawthoung Town,ကော့သောင်း
MMR006,MMR006D003,MMR006009,MMR006009702,Khamaukgyi Town,ခမောက်ကြီး
MMR006,MMR006D002,MMR006006,MMR006006701,Kyunsu Town,ကျွန်းစု
MMR006,MMR006D001,MMR006002,MMR006002701,Launglon Town,လောင်းလုံး
MMR006,MMR006D002,MMR006005,MMR006005701,Myeik Town,မြိတ်
MMR006,MMR006D002,MMR006007,MMR006007703,Pala Town,ပလ
MMR006,MMR006D002,MMR006007,MMR006007702,Palauk Town,ပလောက်
MMR006,MMR006D002,MMR006007,MMR006007701,Palaw Town,ပုလော
MMR006,MMR006D002,MMR006008,MMR006008702,Maw Taung Town,မောတောင်
MMR006,MMR006D002,MMR006008,MMR006008701,Tanintharyi Town,တနင်္သာရီ
MMR006,MMR006D001,MMR006003,MMR006003701,Thayetchaung Town,သရက်ချောင်း
MMR006,MMR006D001,MMR006004,MMR006004702,Kaleinaung Town,ကလိန်အောင်
MMR006,MMR006D001,MMR006004,MMR006004701,Yebyu Town,ရေဖြူ
MMR013,MMR013D004,MMR013037,MMR013037701,Ahlone,အလုံ
MMR013,MMR013D004,MMR013044,MMR013044701,Bahan,ဗဟန်း
MMR013,MMR013D002,MMR013017,MMR013017701,Botahtaung,ဗိုလ်တထောင်
MMR013,MMR013D003,MMR013032,MMR013032701,Cocokyun Town,ကိုကိုးကျွန်း
MMR013,MMR013D004,MMR013043,MMR013043701,Dagon,ဒဂုံ
MMR013,MMR013D002,MMR013020,MMR013020701,Dagon Myothit (East),ဒဂုံမြို့သစ် (အရှေ့ပိုင်း)
MMR013,MMR013D002,MMR013019,MMR013019701,Dagon Myothit (North) Town,ဒဂုံမြို့သစ်(မြောက်ပိုင်း)
MMR013,MMR013D002,MMR013021,MMR013021701,Dagon Myothit (Seikkan),ဒဂုံမြို့သစ် (ဆိပ်ကမ်း)
MMR013,MMR013D002,MMR013018,MMR013018701,Dagon Myothit (South) Town,ဒဂုံမြို့သစ်(တောင်ပိုင်း)
MMR013,MMR013D003,MMR013030,MMR013030701,Dala,ဒလ
MMR013,MMR013D002,MMR013014,MMR013014701,Dawbon,ဒေါပုံ
MMR013,MMR013D004,MMR013040,MMR013040701,Hlaing,လှိုင်
MMR013,MMR013D001,MMR013008,MMR013008701,Hlaingtharya Town,လှိုင်သာယာ
MMR013,MMR013D001,MMR013046,MMR013046701,Hlaingtharya (East) Town,လှိုင်သာယာ (အရှေ့ပိုင်း)
MMR013,MMR013D001,MMR013047,MMR013047701,Hlaingtharya (West) Town,လှိုင်သာယာ (အနောက်ပိုင်း)
MMR013,MMR013D001,MMR013004,MMR013004701,Hlegu Town,လှည်းကူး
MMR013,MMR013D001,MMR013003,MMR013003701,Hmawbi Town,မှော်ဘီ
MMR013,MMR013D001,MMR013006,MMR013006701,Htantabin Town,ထန်းတပင်
MMR013,MMR013D001,MMR013001,MMR013001701,Insein,အင်းစိန်
MMR013,MMR013D004,MMR013041,MMR013041701,Kamaryut,ကမာရွတ်
MMR013,MMR013D003,MMR013028,MMR013028701,Kawhmu Town,ကော့မှူး
MMR013,MMR013D003,MMR013026,MMR013026701,Kayan Town,ခရမ်း
MMR013,MMR013D003,MMR013029,MMR013029701,Kungyangon Town,ကွမ်းခြံကုန်း
MMR013,MMR013D004,MMR013033,MMR013033701,Kyauktada,ကျောက်တံတား
MMR013,MMR013D004,MMR013033,MMR013000777,Yangon City,ရန်ကုန်
MMR013,MMR013D003,MMR013024,MMR013024701,Kyauktan Town,ကျောက်တန်း
MMR013,MMR013D003,MMR013024,MMR013024702,Tadar Town,တံတား
MMR013,MMR013D004,MMR013038,MMR013038701,Kyeemyindaing,ကြည့်မြင်တိုင်
MMR013,MMR013D004,MMR013035,MMR013035701,Lanmadaw,လမ်းမတော်
MMR013,MMR013D004,MMR013036,MMR013036701,Latha,လသာ
MMR013,MMR013D004,MMR013042,MMR013042701,Mayangone,မရမ်းကုန်း
MMR013,MMR013D001,MMR013002,MMR013002702,Htaukkyant Town,ထောက်ကြန့်
MMR013,MMR013D001,MMR013002,MMR013002701,Mingaladon,မင်္ဂလာဒုံ
MMR013,MMR013D002,MMR013022,MMR013022701,Mingalartaungnyunt,မင်္ဂလာတောင်ညွန့်
MMR013,MMR013D002,MMR013012,MMR013012701,North Okkalapa,မြောက်ဥက္ကလာပ
MMR013,MMR013D004,MMR013034,MMR013034701,Pabedan,ပန်းဘဲတန်း
MMR013,MMR013D002,MMR013016,MMR013016701,Pazundaung,ပုဇွန်တောင်
MMR013,MMR013D004,MMR013039,MMR013039701,Sanchaung,စမ်းချောင်း
MMR013,MMR013D003,MMR013031,MMR013031701,Seikgyikanaungto,ဆိပ်ကြီး/ခနောင်တို
MMR013,MMR013D004,MMR013045,MMR013045701,Seikkan,ဆိပ်ကမ်း
MMR013,MMR013D001,MMR013007,MMR013007701,Shwepyithar Town,ရွှေပြည်သာ
MMR013,MMR013D002,MMR013011,MMR013011701,South Okkalapa,တောင်ဥက္ကလာပ
MMR013,MMR013D001,MMR013005,MMR013005703,Ahpyauk Town,အဖျောက်
MMR013,MMR013D001,MMR013005,MMR013005702,Okekan Town,ဥက္ကံ
MMR013,MMR013D001,MMR013005,MMR013005701,Taikkyi Town,တိုက်ကြီး
MMR013,MMR013D002,MMR013015,MMR013015701,Tamwe,တာမွေ
MMR013,MMR013D002,MMR013013,MMR013013701,Thaketa,သာကေတ
MMR013,MMR013D003,MMR013023,MMR013023701,Thanlyin Town,သန်လျင်
MMR013,MMR013D002,MMR013009,MMR013009701,Thingangyun,သင်္ဃန်းကျွန်း
MMR013,MMR013D003,MMR013025,MMR013025701,Thongwa Town,သုံးခွ
MMR013,MMR013D003,MMR013027,MMR013027701,Twantay Town,တွံတေး
MMR013,MMR013D002,MMR013010,MMR013010701,Yankin,ရန်ကင်း